{
    "1": {
        "avg_dice_coef": 0.8271549809176871,
        "avg_iou_score": 0.7339248888363825
    },
    "2": {
        "avg_dice_coef": 0.830877377995623,
        "avg_iou_score": 0.7389968299767118
    },
    "3": {
        "avg_dice_coef": 0.8359815953155357,
        "avg_iou_score": 0.7422760568578142
    },
    "4": {
        "avg_dice_coef": 0.8507223921128445,
        "avg_iou_score": 0.7598330209767308
    },
    "5": {
        "avg_dice_coef": 0.8566820793096293,
        "avg_iou_score": 0.7643075032608837
    },
    "6": {
        "avg_dice_coef": 0.8489964984317752,
        "avg_iou_score": 0.7572188703973346
    },
    "7": {
        "avg_dice_coef": 0.8405812773019954,
        "avg_iou_score": 0.7481464490878953
    },
    "8": {
        "avg_dice_coef": 0.8477475115999085,
        "avg_iou_score": 0.7561528877759318
    },
    "9": {
        "avg_dice_coef": 0.8535847408402347,
        "avg_iou_score": 0.7620575538610476
    }
}