{"baseline": {"avg_dice_coef": 0.8437538699025033, "avg_iou_score": 0.7485883968994007}}