{"baseline": {"avg_dice_coef": 0.2257680255958725, "avg_iou_score": 0.1531868485773619}}