{"1": {"avg_dice_coef": 0.6377030491633867, "avg_iou_score": 0.5598655413354842}, "2": {"avg_dice_coef": 0.713673375633851, "avg_iou_score": 0.6256254107072775}, "3": {"avg_dice_coef": 0.7348962373785858, "avg_iou_score": 0.6460430868405577}, "4": {"avg_dice_coef": 0.77393487887287, "avg_iou_score": 0.6817905266680079}, "5": {"avg_dice_coef": 0.7688443910732056, "avg_iou_score": 0.6791112874540687}, "6": {"avg_dice_coef": 0.7888717071156102, "avg_iou_score": 0.6990534845804932}, "7": {"avg_dice_coef": 0.8039276436883114, "avg_iou_score": 0.7149530642293755}, "8": {"avg_dice_coef": 0.8040924833529847, "avg_iou_score": 0.711982459759801}, "9": {"avg_dice_coef": 0.8149276202635383, "avg_iou_score": 0.7222864717641759}}