{
    "baseline": {
        "avg_dice_coef": 0.39086266614105064,
        "avg_iou_score": 0.32770878775891304
    }
}