{"baseline": {"avg_dice_coef": 0.8614411095421803, "avg_iou_score": 0.7699914175696797}}