{"baseline": {"avg_dice_coef": 0.7374058014734558, "avg_iou_score": 0.6493745814356903}}