{
    "0": {
        "avg_dice_coef": 0.8597212133589593,
        "avg_iou_score": 0.7716949383571593
    },
    "10": {
        "avg_dice_coef": 0.8523710994136574,
        "avg_iou_score": 0.7659073662513712
    },
    "20": {
        "avg_dice_coef": 0.8356238556100459,
        "avg_iou_score": 0.7459572182258316
    },
    "30": {
        "avg_dice_coef": 0.7813681545312348,
        "avg_iou_score": 0.6787107995681677
    },
    "40": {
        "avg_dice_coef": 0.7035405331477089,
        "avg_iou_score": 0.5915573975318833
    },
    "50": {
        "avg_dice_coef": 0.6020413726714642,
        "avg_iou_score": 0.4855047785030061
    },
    "60": {
        "avg_dice_coef": 0.4841829027588917,
        "avg_iou_score": 0.3721886347226694
    },
    "70": {
        "avg_dice_coef": 0.3874176985801687,
        "avg_iou_score": 0.28535942061373354
    },
    "80": {
        "avg_dice_coef": 0.3098159802787184,
        "avg_iou_score": 0.21543802555238184
    },
    "90": {
        "avg_dice_coef": 0.25409467494257354,
        "avg_iou_score": 0.16991136571069018
    }
}