{"baseline": {"avg_dice_coef": 0.2135258706195167, "avg_iou_score": 0.13639734410241888}}