{"1": {"avg_dice_coef": 0.48542568269228686, "avg_iou_score": 0.37381719397316543}, "2": {"avg_dice_coef": 0.5705501299961591, "avg_iou_score": 0.4445949285025106}, "3": {"avg_dice_coef": 0.6196542344516273, "avg_iou_score": 0.4938662073191145}, "4": {"avg_dice_coef": 0.6537970805665974, "avg_iou_score": 0.5256916236968094}, "5": {"avg_dice_coef": 0.6637015787956241, "avg_iou_score": 0.5367572993675959}, "6": {"avg_dice_coef": 0.6837403011320099, "avg_iou_score": 0.5578341798035958}, "7": {"avg_dice_coef": 0.713409549171902, "avg_iou_score": 0.5888237154632258}, "8": {"avg_dice_coef": 0.7252695236688751, "avg_iou_score": 0.5987386353568624}, "9": {"avg_dice_coef": 0.7553765139286195, "avg_iou_score": 0.6324450825819021}}