{
    "baseline": {
        "avg_dice_coef": 0.30526811016368005,
        "avg_iou_score": 0.22598778625147065
    }
}