{"baseline": {"avg_dice_coef": 0.8202232027879277, "avg_iou_score": 0.7019038861024305}}