{
    "1": {
        "avg_dice_coef": 0.7884044124113128,
        "avg_iou_score": 0.6673341013567553
    },
    "2": {
        "avg_dice_coef": 0.7876153800778936,
        "avg_iou_score": 0.663234498048677
    },
    "3": {
        "avg_dice_coef": 0.7993233801264806,
        "avg_iou_score": 0.6766813165722779
    },
    "4": {
        "avg_dice_coef": 0.7963759218021296,
        "avg_iou_score": 0.6764467152077046
    },
    "5": {
        "avg_dice_coef": 0.8049621490967079,
        "avg_iou_score": 0.6846387534989653
    },
    "6": {
        "avg_dice_coef": 0.8104360849845793,
        "avg_iou_score": 0.6919202262326821
    },
    "7": {
        "avg_dice_coef": 0.810769013571796,
        "avg_iou_score": 0.6907277958092386
    },
    "8": {
        "avg_dice_coef": 0.8078647111835947,
        "avg_iou_score": 0.6880636092198128
    },
    "9": {
        "avg_dice_coef": 0.8029526648684149,
        "avg_iou_score": 0.683521053062584
    }
}