{"0": {"avg_dice_coef": 0.8338982320543991, "avg_iou_score": 0.7212995264496029}, "10": {"avg_dice_coef": 0.8248553648877981, "avg_iou_score": 0.7113912925835894}, "20": {"avg_dice_coef": 0.7925687956559689, "avg_iou_score": 0.6721054431843392}, "30": {"avg_dice_coef": 0.7504265242063802, "avg_iou_score": 0.6208257991156136}, "40": {"avg_dice_coef": 0.6766844783630126, "avg_iou_score": 0.5379240718549126}, "50": {"avg_dice_coef": 0.5931200327271156, "avg_iou_score": 0.44926203742615056}, "60": {"avg_dice_coef": 0.5080045795985865, "avg_iou_score": 0.36691517941670965}, "70": {"avg_dice_coef": 0.45202787026993796, "avg_iou_score": 0.31416897200787675}, "80": {"avg_dice_coef": 0.3966999246116233, "avg_iou_score": 0.26469765552941393}, "90": {"avg_dice_coef": 0.3601976512907694, "avg_iou_score": 0.2351011943401861}}