{"baseline": {"avg_dice_coef": 0.8130307642666544, "avg_iou_score": 0.6931268583255857}}