{"baseline": {"avg_dice_coef": 0.6377320582335515, "avg_iou_score": 0.5088274731287481}}